ad_id,source_url,scraped_at,title,price_nok,tilstand,merke,kjonn,sykkeltype,brand,model,year,framesize,wheel_size,groupset,carbon_frame,carbon_wheels,electronic_shifting,description,location,condition_score,groupset_tier,brand_tier,year_num,bike_age,framesize_cm,price_predicted,price_residual_pct,model_label,deal_label
426259765,https://www.finn.no/recommerce/forsale/item/426259765,2026-03-02T15:24:40.221Z,Nor Kapp Superlight – Ultegra Di2,14000.0,Godt brukt - Synlig brukt,,Unisex,Landevei,Nor,Kapp Superlight,,,,Shimano Ultegra Di2,0,0,1,"Selger en Nor Kapp Superlight landeveissykkel med Shimano Ultegra Di2 og 11-delt kassett. Dette er en lett og responsiv sykkel som passer svært godt både til strukturert trening og lange turer. Sykkelen veier ca. 7,3 kg uten pedaler og passer rytter mellom 170–180 cm. Gruppesettet har fått flere oppgraderinger de siste årene: – Krank byttet for 2 år siden – Kjede byttet for 1 år siden – Bakgir byttet for 1 år siden – Styrelager byttet for 1 år siden Sykkelen er noen år gammel og har normale bruksmerker. Bremseklossene begynner å bli slitt og bør byttes på sikt. Det er også noe kast i bakhjulet (se bilde 7 og 8), noe som kan justeres eller tas i forbindelse med service. Ekstra stem, computer-feste og lader følger med. Alt i alt en lett og solid landeveissykkel med gode komponenter og mye bruk igjen. Klar for ny eier 🚴 Vis hele beskrivelsen NB: Knappen for å vise hele beskrivelsen har kun en visuell effekt.",4032 Stavanger,2.0,4,2,,5.0,54.0,26679.05,-47.524369908095906,good_deal,Good deal
453407263,https://www.finn.no/recommerce/forsale/item/453407263,2026-03-02T15:24:47.456Z,Landeveissykkel,15000.0,Pent brukt - I god stand,Canyon,Unisex,Landevei,Canyon,,,,700c,,0,0,0,"Selger en pen og velholdt Canyon landeveissykkel i hvit utførelse. Lett og responsiv sykkel som passer perfekt til både trening, ritt og lange turer. Sykkelen er oppgradert med tempobøyle som enkelt kan tas av om ønskelig. Følger også med et par med treningshjul samt de som er på sykkelen, flaskeholdere og feste til garminklokke. Har stått på rulle den siste tiden. Passet fint meg som er 186cm høy. Utstyr: • Canyon aluminiumsramme • Karbongaffel • Mekanisk giring • Dype hjul (aero-profil) • Ritchey styre, stem og setepinne • Flaskeholdere følger med Sykkelen fungerer som den skal og girer og bremser fint. Normal bruksslitasje må påregnes. Passer fint til deg som vil ha en rask landeveissykkel uten å betale nypris. Vis hele beskrivelsen NB: Knappen for å vise hele beskrivelsen har kun en visuell effekt.",9020 Tromsdalen,3.0,0,3,,5.0,54.0,9300.171,61.287358735742316,bad_deal,Bad deal
359684041,https://www.finn.no/recommerce/forsale/item/359684041,2026-03-02T15:24:57.542Z,Ridley Helium RS - belgisk arbeidshest med retro look til salgs,13000.0,Pent brukt - I god stand,,Unisex,Landevei,Ridley,Helium RS,2015,Small (54),700c,Campagnolo Chorus,1,0,0,"Ridley Helium RS med Lotto sin retro lakkering fra Tour de France i 2014 til salgs. Rammen ble kjøpt i 2015, men hatt ulike grupper og hjul montert. Sykkelen ble bygget slik den står nå med mekanisk Campagnolo Chorus gruppe, Stages wattmåler og Campagnolo hjulsett i 2020. Spesifikasjoner - Ramme: Ridley Helium RS - Gaffel: Ridley 4ZA Helium - Styrelager: FSA No. 44 - Bakgir: Campagnolo Chorus - Forgir: Campagnolo Chorus - Hendler: Campagnolo Chorus - Krank: Campagnolo Chorus Ultra Torque 172,5 mm armer og 52/36 drev - Wattmåler: Stages Gen3 på venstre krankarm - Kranklager: Campagnolo IC15-RE46 - Kjede: Campagnolo Chorus 11-delt - Kassett: Campagnolo Chorus 12/29 - Bremser: Campagnolo Chorus Dual-pivot - Stem: Enve Carbon Road 100 mm (karbon) - Styre: Ritchey Comp Curve 40 cm senter-til-senter (aluminium) - Hjulsett: Campagnolo Zonda C17 clincher (aluminium) - Dekk: Continental GP 4000 S II 25 mm - Sete: Selle Italia SLR Titan - Setepinne: Ritchey Superlogic 1-bolt 27,2 x 350 mm og 25 mm setback (karbon) - Pedaler: Shimano Ultegra 6800 SPD-SL - Flaskeholdere: Arundel Stainless Ridley har brukt litt andre betegnelser på rammestørrelse enn andre produsenter. Rammen er i størrelse small, men målene og geometri tilsier at den kan sammenlignes med en 54-ramme. Rammen kan brukes med både mekaniske og elektriske grupper. Sykkelen er godt vedlikeholdt, men har noen bruksmerker her og der. Utover det fremstår den strøken. Sykkelen har alltid vært lagret inne og hyppig vasket. Eksisterende drivverk har gått svært kort, mange kilometer igjen før noe må byttes. Sykkelen selges med pedaler og flaskeholdere, men uten feste for computer. Akkurat nå står den uten styretape, men det vil bli lagt på helt ny sort Supacaz tape før den selges. Må hentes. GEOMETRI Stack = 545 mm Reach = 385 mm Stack to reach ratio = 1,42 Seterør (senter) = 470 mm Seterør (senter/topp) = 510 mm Overrør = 530 mm Overrør (virtuell/horisontalt målt) = 545 mm Styrerør = 145 mm Vinkel seterør = 73,5 grader Vinkel styrerør = 73 grader Kjedestag = 405 mm BB drop = 66 mm Akselavstand = 977 mm Stå-over-høyde = 750 mm Vis hele beskrivelsen NB: Knappen for å vise hele beskrivelsen har kun en visuell effekt.",1349 Rykkinn,3.0,4,3,2015.0,11.0,54.0,14695.892,-11.539902766989577,ok_deal,OK deal
453363922,https://www.finn.no/recommerce/forsale/item/453363922,2026-03-02T15:25:00.911Z,S-works Aethos - Størrelse 54 - Vurderes solgt,25000.0,Som ny - Ikke synlig brukt,Specialized,Unisex,Landevei,Specialized,S-Works Aethos,,54,,Shimano Dura-Ace Di2,1,0,1,"Vuderes solgt, lite brukt. Kan enkelt bygge en sykkel godt under uci grensa med denne ramma. Pris: Rammesett 25000 kr (nypris 70000) Evnt med specialized originalt s-works karbon styre, specialized karbon sete, dura ace di2 11 delt gruppe med quarq wattkrank 45000 kr",4024 Stavanger,4.0,5,4,,5.0,54.0,33028.4,-24.30756202936157,good_deal,Good deal
453261427,https://www.finn.no/recommerce/forsale/item/453261427,2026-03-02T15:25:23.772Z,Ridley Noah RS - karbon Ultegra DI2 (M),12500.0,Pent brukt - I god stand,,Unisex,Landevei,Ridley,Noah RS,2013,M,,Shimano Ultegra Di2,1,0,1,"Ridley Noah 2013 Di2 , med Ridleys FAST‑teknologi (F‑Brake, F‑Splitfork, F‑Surface), har full karbonramme, intern kabelføring Ultegra Di2 10‑speed Ramme: 50/40/30‑ton high‑modulus karbonfiber for høy stivhet og lav vekt. BB30 kranklager og aero nedrør for maksimal kraftoverføring. Girsystem: Shimano Ultegra Di2, 2×10‑speed. Kranksett: Ultegra 6700, ofte 50/34 kompakt. Kassett: Ultegra 6700 12–25. Bremser: Ultegra 6700 (felgbremser). Integrert setemast (ISP) med maks kuttelengde på 70 mm. Str: M https://www.bikeroar.com/products/ridley/noah-1303am-ultegra-di2/specs",3117 Tønsberg,3.0,4,3,2013.0,13.0,54.0,23673.936,-47.19931557112809,good_deal,OK deal
421567923,https://www.finn.no/recommerce/forsale/item/421567923,2026-03-02T15:25:30.679Z,Ny pris. Scott Foil 10 2018,16000.0,Pent brukt - I god stand,Scott,,Landevei,Scott,Foil 10,2018,52,,Shimano Ultegra R8050 Di2,1,0,1,"Selger en Scott Foil 10 2018, sykkelen er i strl 52(s). Se str. guide under bilder. Sykkelen er utstyrt med full Ultegra R8050 di2 gruppe! Den er nesten ikke brukt de tre siste årene, og er jevnlig og bra vedlikeholdt. Lagret innendørs. Nypris på sykkelen er 49 990,- Litt info om sykkelen: - Foil FO1 Aero ramme i HMF karbon fiber - HMF karbon gaffel - Shimano Ultegra DI2 gruppe - Syncros karbon setepinne - Syncros komponenter - Syncros RR2,0 hjulsett Det er opprinnelige 120mm stem. Da jeg er litt kort i overkroppen har jeg satt på et på 90 mm. Begge kan medfølge. Styret må tapes opp på nytt. Pedaler og flaskeholdere følger ikke med. Det et bare å ta kontakt om det skulle være noe! Vis hele beskrivelsen NB: Knappen for å vise hele beskrivelsen har kun en visuell effekt.",2611 Lillehammer,3.0,4,3,2018.0,8.0,52.0,23949.354,-33.19235114400351,good_deal,Good deal
453030748,https://www.finn.no/recommerce/forsale/item/453030748,2026-03-02T15:25:56.132Z,Dare VSRU -helt strøken,45000.0,Som ny - Ikke synlig brukt,,,Landevei,Dare,VSRU20,2023,XS,700c,Shimano Ultegra Di2,0,1,1,"Helt strøken landeveissykkel – DARE VSRU20 med Ultegra Di2. 2023 modell. Str XS- Dare er store i størrelse og den passer for høyde 170 cm pluss/minus ca 10 cm avhengig av sittestilling. Minimalt brukt- først av kvinnelig landslagsløper på skøyter og så av kona i fjor høst. Framstår så og si som ny, overhodet ingen skader eller feil. Spesifikasjoner: Ramme: VSRU20 – aerodynamisk og responsiv, perfekt for både trening og ritt Girgruppe: Shimano Ultegra Di2 12-delt – elektronisk giring som gir presise og pålitelige girskift Hjulsett: Helt nye 50 mm Superteam S-ALL Carbon D28-50 DISC Brake karbonhjul med 3,3 mm karboneiker-clincher tubeless ready- veid til 1370 g med felttape. Et meget godt hjulsett målt opp imot det aller meste. https://superteamwheels.com/products/s-all-carbon-d28-50-disc-brake?srsltid=AfmBOoqAD5heqeoJuIyGPzDSj-o1omJOsXaEe74oR7_itw13gdlnx94n Dekk: Contiental GP 5000 Drivverk: Ny ""Pogacar"" Ultegra krank med 165 mm krankarmer. 52/36. Nytt kjede. Ny kassett 11-34. Bremseskiver: Dura Ace 160mm/140 mm. Nytt sete: Selle Italia SLR LTD SUPERFLOW Lader til Di2 følger med. Sykkelen bør sees og ønsker at kjøper henter. Jeg reiser til Mallorca 12 mars og blir til slutten av april- kona er hjemme i deler av denne perioden. Vis hele beskrivelsen NB: Knappen for å vise hele beskrivelsen har kun en visuell effekt.",2450 Rena,4.0,4,1,2023.0,3.0,50.0,27999.852,60.71513771975911,bad_deal,OK deal
453005360,https://www.finn.no/recommerce/forsale/item/453005360,2026-03-02T15:25:59.326Z,Bottecchia 8AVIO Revolution – Str 58 – Shimano 105 – Karbon,15000.0,Pent brukt - I god stand,,Unisex,Landevei,Bottecchia,8AVIO Revolution,2020,58,700c,Shimano 105,1,0,0,"Selger en meget pen og velholdt Bottecchia 8AVIO Revolution landeveissykkel i størrelse 58. Dette er en rask og komfortabel karbonracer som passer perfekt til både trening, ritt og lange turer. Garmin computer og garmin varia feste følger med. Spesifikasjoner: • Størrelse: 58 (passer typisk ca. 180–190 cm, avhengig av benlengde) • Ramme: Full karbon • Girgruppe: Shimano 105 (2x11) • Skivebremser • Hjul: Fulcrum • Kjøpt ny i 2020 • Kun én eier • Selges uten pedaler Sykkelen er pent brukt og fremstår som godt vedlikeholdt. Ingen kjente skader på ramme. Normal bruksslitasje kan forekomme. Dette er en lett og responsiv sykkel med god kraftoverføring og stabil kjørefølelse – perfekt for deg som vil ha mye sykkel for pengene. Vis hele beskrivelsen NB: Knappen for å vise hele beskrivelsen har kun en visuell effekt.",2385 Brumunddal,3.0,3,1,2020.0,6.0,58.0,11037.306,35.90273257394732,bad_deal,OK deal
438559494,https://www.finn.no/recommerce/forsale/item/438559494,2026-03-02T15:26:12.594Z,Cervélo R5 Dura-Ace Di2 str. 54 - Toppmodell,30000.0,Pent brukt - I god stand,,Unisex,Landevei,Cervélo,R5,,54,700c,Shimano Dura-Ace R9150 Di2,1,1,1,"Cervélo R5 Team Sunweb med Dura-Ace Di2 felgbrems i størrelse 54 (medium) selges. Kom med bud! Siste generasjons Cervélo R5 med felgbrems, som ble brukt av blant annet Søren Kragh Andersen til seier på etappe 14 i Tour de France i 2020. Størrelse 54 (M). Jeg er 182 og sitter aggressivt, med 76cm setehøyde. Har en del å gå på oppover og nedover. Som nevnt utstyrt med 11-delt Shimano Dura-Ace R9150 Di2, altså elektriske gir. 53/39 drev og 11/32 kassett (Ultegra kassett). Sykkelen har det råeste av komponenter, med Pro Vibe Aero Superlight styre (nypris 4999), Pro Griffon sete med karbonrails og Pro Vibe stem på 135mm. Elite flaskeholdere og Garmin computerfeste følger også med. Nesten ubrukte Reynolds Attack 30mm karbonhjul gir sykkelen en fin finish. Continental Grand Prix 5000 dekk (clincher), 28mm bak og 25mm foran. Hjulene er tubeless ready. Sykkelen har noen kosmetiske bruksmerker her og der (eksempler på bildene), men er ellers i god stand. NB: lader til Di2 følger ikke med. Kan overleveres i Oslo ved nærmere avtale. Sykkelen kan sees på Brokelandsheia ved E18 i Gjerstad. Jeg foretrekker å møtes for salg. Klatresykkel racersykkel racer s5 r5 cannondale aero canyon pinarello zipp enve giant dare bianchi merida sram etap factor Vis hele beskrivelsen NB: Knappen for å vise hele beskrivelsen har kun en visuell effekt.",4993 Sundebru,3.0,5,1,,5.0,54.0,34556.88,-13.18660437654813,ok_deal,Good deal
452354738,https://www.finn.no/recommerce/forsale/item/452354738,2026-03-02T15:26:56.324Z,TREK DOMANE/ EMONDA SL7 - BYTTET RAMME 58 (L),16500.0,Pent brukt - I god stand,Trek,Herre,Landevei,Trek,Domane/Emonda SL7,,58,,,1,1,0,"Strøken TREK Domane/ Emonda SL7 - Ramme størrelse 58 - Helt ny ramme (37.000,-) som er syklet med ca 500km, ny styre tape, nye wire og strømper til gir, bremser foran og bak, nye dekk i 2025 som har rullet 50km, helt ny kjede. Service utført av Sykkelcenteret Randaberg som har justert gir og sjekket sykkel slik at den fremstår strøken. Gir, pedaler og Bontrager karbon felger fra 2018 som total har gått ca 1000km. OBS: Ikke elektrisk giring .- Kan leveres Stord - Bømlo - Haugesund - Stavanger/ omeng, mulig også Hønefoss - Drammen - Oslo (etter avtale). Kan ta terrengsykkel av god kvalitet, el-sykkel som delbetaling.",4025 Stavanger,3.0,0,3,,5.0,58.0,20909.719,-21.089325986271337,good_deal,Good deal
452488901,https://www.finn.no/recommerce/forsale/item/452488901,2026-03-02T15:27:25.413Z,Nakamura landeveissykkel 53cm full karbon herre,7500.0,Godt brukt - Synlig brukt,,Herre,Landevei,Nakamura,,,53cm,,,1,0,0,"Selger en Nakamura landveissykkel i fullkarbon, størrelse 53 cm (passer for voksen). Sykkelen har nypris på 50 000 kr, veier ca. 7,2 kg og er laget for landeveiskjøring. Tilstand: • Godt brukt, med slitasje på felger og håndtak • Har stått oppbevart opphengt i lukket garasje de siste 6 årene • Alder gjør at den ikke er som ny, men fortsatt fantastisk god sykkel Perfekt for deg som ønsker en lett sykkel til trening eller turer, uten å betale full pris for en ny modell. Spesifikasjoner: • Fullkarbon ramme • 7,2 kg lettvekt • Str. 53 cm Pris kan diskuteres ved rask handel. Ta kontakt for bilder eller mer info Vis hele beskrivelsen NB: Knappen for å vise hele beskrivelsen har kun en visuell effekt.",2016 Frogner,2.0,0,2,,5.0,53.0,7389.7163,1.4923941163749057,ok_deal,Good deal
450601047,https://www.finn.no/recommerce/forsale/item/450601047,2026-03-02T15:27:37.680Z,Gravelsykkel Ns Bikes RAG+ 2,20000.0,Som ny - Ikke synlig brukt,,Herre,Landevei,NS Bikes,RAG+ 2,,XL,,,0,0,0,"Størrelse XL Jeg brukte den to ganger, men så måtte jeg dessverre operere kneet, så jeg selger den. En ny koster 26 810. Prisen kan diskuteres. https://birk.no/no/articles/1.385.366468/gravelsykkel-ns-bikes-rag-2-hydro-raw?gad_source=1&gad_campaignid=21703436865&gbraid=0AAAAADKN85r0ozviDgVC01UamQERVSVCK&gclid=CjwKCAiAkvDMBhBMEiwAnUA9BdKvA8OahKIji5oRrHGxlGRMv7gJoah63quDWQRyAtIX5jjfD9Y-VhoCfxoQAvD_BwE",3275 Svarstad,4.0,0,1,,5.0,58.0,11467.962,74.39890496562562,bad_deal,Bad deal
452290105,https://www.finn.no/recommerce/forsale/item/452290105,2026-03-02T15:28:04.345Z,Trek Madone 4.5 Fullkarbon med utstyr selges,7000.0,Pent brukt - I god stand,,Herre,Landevei,Trek,Madone 4.5,,54cm,,Shimano Ultegra,1,0,0,"Selger en veldig pen utgave av Trek Madone 4.5 fullkarbon, med ultegra girsystem. Føler med felgsett som vist på bildet, verdi ca6-8000kr. Garmin 820 sykkelcomputer med fargedisplay og touch, verdi ny ca 3000. Original hjulsett fra Bontrager medfølger, pluss 2 nye dekk ( continental Grand Prix 5000), verdi ca 1200kr. Jeg har ikke fått sykla på denne sykkelen selv, da jeg hadde store ambisjoner om å starte, men ser at tiden strekker ikke til, og denne sykkelen fortjener å blir brukt.Rammestørrelse 54cm, Jeg er 171 og passer sykkelen godt, er forresten ny styretape også.",3145 Tjøme,3.0,4,3,,5.0,54.0,14732.477,-52.48592475064391,good_deal,Good deal
423757268,https://www.finn.no/recommerce/forsale/item/423757268,2026-03-02T15:28:11.244Z,Canyon Endurace CF SL 8 Disc eTap - SRAM Force AXS Powermeter - Large,34000.0,Pent brukt - I god stand,Canyon,Unisex,Landevei,Canyon,Endurace CF SL 8 Disc eTap,2022,L,700c,SRAM Force AXS,1,1,1,"2022-modell med SRAM Force 12-delt elektrisk utstyrsgruppe, inkludert krank-wattmåler og trådløs giring. 30 mm dekk på DT Swiss ERC 1400 dicut hjulsett. Kjøpt direkte frå Canyon i 2022 - 1 eigar. Størrelse L/Large. Vekt 7.8 kg. Følger med 2 Canyon-flaskeholdere og evt Garmin computer-feste. Skiftet kranklager, kjede og kassett 2025. Nye bremseklosser. Service hjulsett hausten 2025. https://99spokes.com/en-EU/bikes/canyon/2022/endurace-cf-sl-8-disc-etap",6823 Sandane,3.0,4,3,2022.0,4.0,56.0,49106.094,-30.762157191540002,good_deal,Good deal
451967283,https://www.finn.no/recommerce/forsale/item/451967283,2026-03-02T15:28:45.310Z,Merida Racelite 904,9500.0,Som ny - Ikke synlig brukt,Merida,,Landevei,Merida,Racelite 904,,M/L,700c,Shimano 105,0,0,0,"Merida Race Lite 904 – str. M/L (ca. 56 cm). Selger en pent brukt landeveissykkel i god teknisk stand. Ramme i lett aluminium med karbongaffel gir lav vekt og god komfort. Utstyrt med Shimano 105 2x10-drivverk, Shimano R561 felgbremser, og Fulcrum Racing Comp hjulsett. Perfekt for både trening og lengre turer – responsiv, lettkjørt og driftssikker.",2209 Kongsvinger,4.0,3,2,,5.0,54.0,11736.213,-19.053956429260996,ok_deal,Bad deal
416068946,https://www.finn.no/recommerce/forsale/item/416068946,2026-03-02T15:29:29.279Z,Gavia Verona Landeveissykkel i XL størrelse til salgs,13500.0,Som ny - Ikke synlig brukt,Andre merker,Herre,Landevei,Gavia,Verona,2019,XL,,Shimano Ultegra,1,0,0,"Selges til første som byr oppgitt pris!! Selger min Gavia Verona. Sykkelen ble kjøpt ny i 2019 og er blitt svært lite brukt grunnet overgang til andre hobbier. Sykkelen er ikke i daglig bruk og for å værer sikker på at ny eier blir fornøyd er det tatt helt ny stor service på sykkelen verdi nok 4500 slik at den fremstår som tipp topp for ny eier. Blant annet nye dekk, nytt kjede, ny kasett m.m. er utført på service. Sykkelen er en godt utstyrt landeveissykkel med karbonramme og Ultegra girsystem. Kommer også med Shimano Ultegra bremser. Pedaler følger med. Sykkelen er ca. 8,87 kg. Størrelse XL slik at den passer best for deg som er fra rundt 1.80 og høyere. Sykkelen må hentes i Oslo. Sykkelen selges ikke under oppgitt pris, så vennligst ingen henvendelser om skambud.",0558 Oslo,4.0,4,1,2019.0,7.0,58.0,20751.502,-34.944467969138906,good_deal,Good deal
428782163,https://www.finn.no/recommerce/forsale/item/428782163,2026-03-02T15:29:47.100Z,Orbea Orca Aero M20iltd Str.55,49000.0,Pent brukt - I god stand,Orbea,,Landevei,Orbea,Orca Aero M20iLTD,2025,55,700c,Shimano Ultegra Di2,1,1,1,"Sykkelen er godt ivaretatt tatt. Sykkelen har vært brukt rett over et halvt år og ble kjøpt mars 2025. Det er ramme størrelse 55 som passer personer mellom 180-185cm+- . Følger med unaas hjul eller original hjul (bilde 4) Ta kontakt om det er noe du lurer på:) • Ramme: Karbon, Aero design (Orca Aero OMX) • Gir: Shimano Ultegra Di2 12-delt (elektronisk giring) • Krank: Shimano Ultegra 52/36 • Kassett: 11–30 • Bremser: Shimano Ultegra hydrauliske skivebremser • Hjul: Karbonhjul (Oquo RP45 LTD) • Dekk: 30mm GP5000 • Setepinne: Aero karbon (integrert design) • Integrert styre og stem",0684 Oslo,3.0,4,3,2025.0,1.0,55.0,49141.37,-0.2876824366180132,ok_deal,OK deal
422540465,https://www.finn.no/recommerce/forsale/item/422540465,2026-03-02T15:30:05.607Z,Oppgradert landeveissykkel - Alt du vil ha - Factory RCE strl. 56,45000.0,Som ny - Ikke synlig brukt,,,Landevei,Gekko,Factory RCE,,56,700c,Shimano Ultegra Di2,1,1,1,"Strl. 56 Vurderer å selge min Gekko Factory RCE grunnet behov for penger. Sykkelen er i nærmest ny stand, kjørt under 500 km, og kan beskrives som demokjørt. Den har ingen riper eller merker og har blitt fulgt opp av noen av de beste sykkelmekanikerne i Oslo. Høydepunkter: - Shimano Ultegra Di2 - Full karbon ramme, sete og setepinne - Integrert karbon styre og stem - Karbon felger - Oppgradering av Kranklager Gekko Factory RCE er bygget på den samme lette karbonrammen som toppmodellen Team RCE, kombinert med integrert styre/stem-løsning og 50 mm høye karbonhjul for lav luftmotstand. Den er utstyrt med komplett Shimano Ultegra Di2, som gir lynrask og presis elektronisk giring. Hydrauliske Ultegra-skivebremser sørger for topp kontroll under alle forhold, og Pirelli P ZERO™ Road TLR-dekk gir både hastighet og godt grep. Sykkelen leveres med kvalitetskomponenter hele veien: krank og kasset fra Ultegra (50-34T / 11-30, 12-delt), KMC X12-kjede, Supacaz styretape og Selle Italia SLR Boost Superflow med karbonrails for optimal kombinasjon av komfort og ytelse. Kort sagt: dette er en lett, rask og aerodynamisk landeveissykkel i topp stand, som leverer både til trening og ritt. Vis hele beskrivelsen NB: Knappen for å vise hele beskrivelsen har kun en visuell effekt.",0254 Oslo,4.0,4,1,,5.0,56.0,37539.67,19.87318416059011,ok_deal,Good deal
431985291,https://www.finn.no/recommerce/forsale/item/431985291,2026-03-02T15:30:11.428Z,Standert Kreissäge Landeveissykkel 58cm,20000.0,Som ny - Ikke synlig brukt,,Herre,Landevei,Standert,Kreissäge,,58cm,,Shimano 105,0,0,0,"Custom bygget landeveissykkel med 58cm Standert Kreissäge aluramme. Standert er designet i Berlin og bygget i Italia. Utstyrt med siste modell Shimano 105 gruppe. Dvs 2x12 trinns mekaniske gir med hydrauliske skivebremser og 160 mm skiver foran og bak. Kranken er 34-50 delt og 172,5 mm krankarmer. Kassett er 11-34. Hjulene er DT Swiss P1800 med Schwalbe Pro One 30 mm bredde, satt opp slangeløst. Zipp setepinne, styre (42cm) og stem (6gr/90mm). Arundel krom flaskeholdere og Standert flasker medfølger. Inpeak wattmåler krankarm samt Time expresso 4 pedaler kan medfølge mot tillegg . Wattmåler kr. 3000,- Pedaler kr. 600,- Kun ramme inkl. kranklager, seteklemme og styrelager kan kjøpes for kr. 8000,- + frakt. Denne rammen har utvendig kabling for mekaniske gir, foretrekkes av mange foran integrerte kabler med tanke på vedlikehold. Passer også perfekt for oppgradering til trådløse girsystem, alle originale smådeler medfølger for tetting av hull. Selger denne med tungt hjerte da jeg har for mange sykler, sykkelen er lynrask og morsom og svært retningsstabil, men er ikke en typisk ""komfort-racer"", hvis man er ute etter det. Har likevel syklet 4-500 km på denne og ikke merket at den er plagsomt hard eller spesielt ukomfortabel. Men sånt er jo individuelt, og avhengig av hva man er vant til. Kan sendes, men da med hjulene i separat eske. Vis hele beskrivelsen NB: Knappen for å vise hele beskrivelsen har kun en visuell effekt.",9024 Tomasjord,4.0,3,1,,5.0,58.0,12169.668,64.34302111904117,bad_deal,OK deal
352229592,https://www.finn.no/recommerce/forsale/item/352229592,2026-03-02T15:30:20.195Z,"SOM NY!! UNO-X Dare MR1s, FULL DURA ACE m/DT SWISS PRC 1400 HJUL",45000.0,Pent brukt - I god stand,,,Landevei,Dare,MR1s,,56,700c,Shimano Dura-Ace 9170,1,1,1,"UNO-X sykkelen veier bare 6.8 (UCI vekt grense) inkl. pedaler og flaske-holdere. Dare bikes rammen er en klatre-ramme som veier 810g, meget vridningsstiv og høy komfort. Full Dura Ace gruppe 9170 men bremse-kalipere og skiver er av 9270, hvor det er mer klaring for skivene enn i 9170 kalipere. Ramma har en nydelig glitter-farge som er vanskelig å få frem på bilder. Setet er av Berk Lupina og er bare 90 gram og godt å sitte på. Rammen er 56, L, høyde fra 178 til 188 mot 190 cm. Hjulene er Continental 5000, tubeless. 35 mm høyde på de breie fine aero felgene, hjulene veier 1450g og koster nye veil ca. 25.000,- Pris komplett 49.000,- (inkl. flaske-holdere, slik avbildet) Batteriet for giret er montert i sete-pinnen og har range på 100 mil.",1784 Halden,3.0,5,1,,5.0,56.0,34842.734,29.15174657557283,bad_deal,Good deal
451261938,https://www.finn.no/recommerce/forsale/item/451261938,2026-03-02T15:30:23.224Z,"HardRocx karbon 56,Ultegra Di2 + Elite Turbomuin",19900.0,Pent brukt - I god stand,,Unisex,Landevei,HardRocx,Super Electra,,56 cm,700c,Shimano Ultegra Di2,1,1,1,"Sel eit komplett og svært solid kvalitetsoppsett beståande av Hard Rocx Super Electra karbon landeveissykkel (rammestørrelse 56 cm) med Shimano Ultegra Di2 elektronisk gir, karbonhjul og Elite Turbomuin direct drive smart-rulle. Dette er eit ferdig oppsett for både utandørs sykling og innandørs trening med Zwift, TrainerRoad m.m. Sykkelen er lite brukt, typisk berre 3–10 turar per år sidan eg kjøpte den brukt. Dei siste fire åra har den hatt svært lite bruk. Den har aldri vore utsett for ulukker eller skadar, og har alltid vore lagra innandørs. Elektronisk Shimano Ultegra Di2 gir presise, raske og pålitelege girskift, og karbonramma gir ein lett, stiv og komfortabel sykkel. Elite Turbomuin er ein direct drive smart-rulle med Bluetooth og ANT+, som gir realistisk motstand og svært god treningsoppleving. ⸻ Spesifikasjonar – sykkel: • Hard Rocx Super Electra karbonramme • Rammestørrelse: 56 cm (passar ca. 175–185 cm) • Shimano Ultegra Di2 elektronisk gir • Shimano Ultegra krank • Shimano Ultegra bakgir • Shimano Ultegra SPD-SL pedalar inkludert • Karbonhjul UNAA CS-50 (50 mm profil) fram og bak • Ritchey styre og stem • Flaskehaldarar inkludert ⸻ Smart-rulle: • Elite Turbomuin direct drive • Bluetooth og ANT+ • Kompatibel med Zwift, TrainerRoad m.fl. • Stabil og stillegåande ⸻ Tilstand: • Lite brukt • Ingen ulukker eller skadar • God teknisk og visuell stand • Lagre innandørs ⸻ Selges grunna: Lite bruk dei siste åra. Dette er eit svært godt og komplett kvalitetsoppsett som gir mykje for pengane, både for trening inne og ute. Kan visast og hentast etter avtale. Ta kontakt ved interesse eller spørsmål. Vis hele beskrivelsen NB: Knappen for å vise hele beskrivelsen har kun en visuell effekt.",1406 Ski,3.0,4,2,,5.0,56.0,39804.7,-50.00590284418954,good_deal,Good deal
450964789,https://www.finn.no/recommerce/forsale/item/450964789,2026-03-02T15:31:07.677Z,Specialized S-works Tarmac SL6 disc 54,39000.0,Pent brukt - I god stand,Specialized,Unisex,Landevei,Specialized,S-Works Tarmac SL6 Disc,,54,700c,Shimano Ultegra Di2,1,1,1,"Selvbildet sier S-works men lommeboka sier gekko?Da har du sjansen nå. Les hele annonsen og se bildene. Specialized S-works Tarmac Sl6 i str 54. Ultegra di2 11 delt med S-works power to-sidig wattmåler (172,5) med Rotor aero-drev (52/38), Berk Lupina sete, Carbon-Ti bremseskiver, Dura-Ace kassett (11-30) og kjede (ceramic speed UFO pre-vokset), Absolute black topcap, Frames & Gear Garmin-feste (veldig fancy), S-Works SL 120 mm stem, Prime 38 cm carbon-styre, ny Zipp styretape, DT Swiss PRC1400 med 240 nav og 50 mm felg. Satt opp med GP5000 28mm (med slange). Det følges med ekstra hoods og et ekstra Ceramic Speed UFO Dura-ace kjede(!) 6,6kg på den middels presise koffertvekten slik avbildet. Custom lakket på Nøtterøy Billakk via Service Course i Oslo (Rip). Originalt var den i en urban camo-farge (se bilde). Noen lakkskade (se bilder) fra uforsiktig reise med sykkelkoffert. Lakket med neglelakk. Berk-sete er epoxy-limt foran. Har fungert fint siste året. Batteripod på høyre wattmåler er ""løs"" og bruker batteri raskere enn venstre. Ukjent årsak. Wattmåler fungerer ellers fint. Venstre side er helt fin. Derfor prisen. Selges da 2026 ikke blir et stort sykkelår. Kan hentes og sees på Marienlyst i Oslo eller sendes med oppkrav. Vis hele beskrivelsen NB: Knappen for å vise hele beskrivelsen har kun en visuell effekt.",0362 Oslo,3.0,4,4,,5.0,54.0,36635.26,6.454814761265163,ok_deal,OK deal
429348779,https://www.finn.no/recommerce/forsale/item/429348779,2026-03-02T15:31:32.288Z,Scott Speedster,7500.0,Pent brukt - I god stand,Scott,,Landevei,Scott,Speedster,2015,L,,,0,0,0,"Sykkelen er en Scoot Speedster 2015 model. Kjøpt i 2016. Lite brukt av forrige eier og av meg. Noe slitasje, men det er ikke mye. Speedometer og distanse-måler følger med. 1 flaskeholder, pedaler og veske under setet med reserve-slange følges med. Girsystemet er 2x11 og dekkene er 26mm brede. Dekkene er nye fra sommer 2025. Størrelse L. Jeg er 184 og den passer meg perfekt. Passer nok folk fra 178-188 😊 En perfekt og stilig sykkel for de som er nye til sykkelsporten.",7030 Trondheim,3.0,0,3,2015.0,11.0,56.0,9583.943,-21.744111804839598,good_deal,OK deal
424972045,https://www.finn.no/recommerce/forsale/item/424972045,2026-03-02T15:31:33.931Z,Monoc Vipera landeveissykkel,5000.0,Pent brukt - I god stand,,Unisex,Landevei,Monoc,Vipera,,,,Shimano 105,0,0,0,"Tilnærmet ubrukt Monoc Vipera landeveissykkel - aluminium. Italiensk kvalitetssykkel. Shimano 105 utstyrsgruppe. Brukt i ca 30 mil. Meget god stand selv om den er noen år. Vil tro den passer person mellom 160-175 cm. Kjøpt som ubrukt i juni 2025, men den ble for liten for meg (184). Må prøves/hentes i Tromsdalen.",9020 Tromsdalen,3.0,3,1,,5.0,54.0,9478.719,-47.250254682364115,good_deal,Good deal
423240041,https://www.finn.no/recommerce/forsale/item/423240041,2026-03-02T15:31:44.771Z,White RR Pro,5500.0,Pent brukt - I god stand,,,Landevei,White,RR Pro,,"L (55,5cm)",,,0,0,0,"White rr pro selges. Str. L (55,5cm) Passer til personer som er mellom 178-185. Selges grunnet oppgradering. Selges uten pedaler, men flaskeholdere medfølger! 5500,- Kan hentes i Oslo.",0970 Oslo,3.0,0,1,,5.0,56.0,10295.577,-46.579002607593466,good_deal,OK deal
450445528,https://www.finn.no/recommerce/forsale/item/450445528,2026-03-02T15:32:28.414Z,Trek Emonda SL 5 47 cm,15000.0,Pent brukt - I god stand,Trek,Unisex,Landevei,Trek,Emonda SL 5,,47cm,700c,Shimano Ultegra / Shimano 105,0,0,0,Trek Emonda SL 5 landeveissykkel i størrelse 47 HUNT Race Aero tubeless ETRTO 622*18 23*27 Shimano Ultegra / Shimano 105 Mimic saddle,0273 Oslo,3.0,4,3,,5.0,47.0,10957.392,36.89389359654749,bad_deal,OK deal
307150319,https://www.finn.no/recommerce/forsale/item/307150319,2026-03-02T15:32:33.097Z,Peugeot Mens Vintage original Road Bike 1970's rare Bicycle Made In France,19999.0,Som ny - Ikke synlig brukt,,,Landevei,Peugeot,,,,,,0,0,0,"Veldig strøken en veldig spesiell sykkel lurer bare på hva interessen til folk er for denne kommer det særiøse bud skal jeg vurdere å selge den, men veldig usikker på og selge. Betyr mye for meg. Har en dame sykkel i samme merke og fra samme tid kommer bilser etterverdt. Vintage fra 1970 ny styretape skal på og fikse dekkene vuderer å gå over navene eventuelt få smurt de opp. De er ikke byttet noen kompinenter på så der er orginale. Så si aldri brukt kanskje et par ganger da de ble kjøpt ellers stått lagret av min farfar. Man kan by på den",3160 Stokke,4.0,0,1,,5.0,54.0,9379.202,113.22709206487967,bad_deal,Bad deal
450356126,https://www.finn.no/recommerce/forsale/item/450356126,2026-03-02T15:32:46.963Z,BH GC Aero Str MT,14000.0,Pent brukt - I god stand,,,Landevei,BH,GC Aero 105,,MT,,Shimano 105,1,0,0,"Lufter min BH GC Aero sykkel, vurderes salg eller kanskje bytte mot en gravel/landeveis sykkel. BH GC Aero 105 er en tempo-/triathlon-sykkel som kan hjelpe deg å barbere bort verdifulle sekunder fra personbeste tiden din. Sykkelen har en avansert ramme og gaffel i karbon, nøye utformet for å redusere luftmotstand og gi maksimal aerodynamikk. Shimano 105-komponenter sørger for presis og pålitelig giring, mens deler fra Michelin, FSA og BH tilfører både ytelse og god verdi. Er 188cm høy og passer bra til meg",1639 Gamle Fredrikstad,3.0,3,1,,5.0,54.0,8979.6455,55.90815904502773,bad_deal,OK deal
450192208,https://www.finn.no/recommerce/forsale/item/450192208,2026-03-02T15:33:09.506Z,Landeveisykkel Orbea Orca Aero str 53,12999.0,Pent brukt - I god stand,Orbea,Herre,Landevei,Orbea,Orca Aero,2014,53,700c,Shimano Dura Ace 7900,1,1,0,"Selger en Orbea Orca Aero landeveissykkel i god stand. Rask og stiv aerosykkel, oppgradert med flere nye og lette komponenter. Perfekt som intro sykkel eller konkurranse- eller treningssykkel med topputstyr til en god pris. Sender ikke. pris kan diskuteres ved rask avgjørelse. Spesifikasjoner: • Ramme: Orbea Orca Aero, str. 53, sykkelen er 2014 mod (karbon, ca. 7,5 kg totalvekt med pedal) • Gruppe: Shimano Dura Ace 7900, 10-delt • Bremser: Shimano Dura Ace • Krank: Shimano Dura Ace (nytt krankdrev i sommer, kranklager byttet etter sommeren) • Hjul: Superteam 55 mm karbonhjul med Continental GP 5000 dekk (nye), hjullager byttet etter sommeren • Cockpit: Aero integrert styre, stem 110 mm, bredde 420 mm • Sete: Nytt sete •Lykt: gode kraftige både foran og bak kjøpt nye sommer 2025 •STAGES wattmåler på venstre krankarm •nye Ultegra pedaler 2025( nye gule cleats kan følge med) • Slitedeler skiftet sommer 2025: kjede, kassett og krankdrev,lager og bremseklosser •feste til Edge enhet på styre •Garmin cadens og hastighetmåler Tilstand: • Noen små riper i lakk/klarlakk, men ingen strukturelle skader på rammen • Sykkelen er godt vedlikeholdt og klar til bruk Ta kontakt om du har noen spørsmål! Vis hele beskrivelsen NB: Knappen for å vise hele beskrivelsen har kun en visuell effekt.",5360 Kolltveit,3.0,5,3,2014.0,12.0,53.0,21786.94,-40.33581436269382,good_deal,Good deal
449831395,https://www.finn.no/recommerce/forsale/item/449831395,2026-03-02T15:33:36.621Z,Triathlon Tempo sykkel Carbon Medium,10000.0,Godt brukt - Synlig brukt,,Unisex,Landevei,NOR,Triathlon Tempo,,Medium,,Shimano Ultegra,1,0,0,"Selger en helt unik triathlon Tempo sykkel merke NOR. Disse syklene blir ikke produser lengre. One of a kind!! Meget bra og stiv ramme, ultegra gruppesett. Denne doningen har båret meg gjennom en rekke Ironman 70.3, Ironman og 4 Xtrem triatlon. Sykkel er godt brukt, men velfungerende og har blitt jevnlig vedlikeholdt. Kan selges med høyprofilerte hjul, mot lite tillegg i pris.",4054 Tjelta,2.0,4,2,,5.0,54.0,9843.74,1.5874023684547305,ok_deal,Good deal
401538596,https://www.finn.no/recommerce/forsale/item/401538596,2026-03-02T15:35:02.728Z,"Bianchi XL EV2 landevei, str 49 cm senter topp,Ultegra/105",19000.0,Pent brukt - I god stand,Bianchi,,Landevei,Bianchi,XL EV2,,49cm,700c,Shimano Ultegra/105,0,0,0,"Bianchi XL EV2, 49 cm senter topp. Vekt 7,9 kg komplett. Med Ultegra/105 utstyr. Styrebredde 38 cm c/c. Styrestem 8 cm. Carbon setepinne og forgaffel. Leveres med Look Keo pedaler. Kompaktkrank 34-50. Mavic helium hjul. Nye dekk Michelin Pro 2 Race. Aluminiumsramme. Bontrager Ajna damesete. Alt utstyr er nytt bortsett fra bremseklo og setepinne. Vintage sykkel. Passer best til dame/junior jente. Svært pen sykkel bygget opp av erfaren sykkelforhandler.",4815 Saltrød,3.0,4,3,,5.0,49.0,13176.136,44.20009304522862,bad_deal,Bad deal
316660524,https://www.finn.no/recommerce/forsale/item/316660524,2026-03-02T15:36:09.228Z,Mercier Vintage landeveissykkel,6000.0,Pent brukt - I god stand,,Unisex,Landevei,Mercier,,1983,58,,,0,0,0,"Meget pen Mercier vintage racer 1983 modell til salgs. Jeg nedskalere antall vintage sykler i samlingen min og selger dette Mercier smykket av en racer. Den har kun hengt på vegg i mitt sykkelrom og har fått seg en liten tur på fine sommerdager. Jeg er tredje eier av sykkelen. Litt spesifikasjoner: Ramme er Columbus rør 58 ramme, passer fint for høyde rundt 180+/- Hjul - Nav: Gipiemme (italiensk leverandør som var konkurrent til Campagnolo) Hjul - Felger: Mavic Gir: Simplex Krank: Gipiemme Bremser: Gipiemme Det er en fantastisk sykkel som er oppsiktsvekkende godt bevart etter 40+ år. Sykkelen er fransk og utstyrt med franske og italienske komponenter. Dette var vel franskmenns svar på italienske Bianchi, Pinarello eller Colnago. Bra lakk, tatt i betrakting at sykkelens alder. Jeg har i senere år oppgradert til hvitt Rolls SanMarco sete, en fin messingklokke, hvit styretape og flaskeholder som står i stil med sykkelen - har også oppgradert noe av girsystem med nye komponenter (NOS - new old stock) Har også en fin vintage Mericer sykkeltrøye i ull, størrelse XL (men ikke spesielt stor XL størrelse) Mercier cap og ny skinnhjelm (hjelm er liten i størrelse og har aldri vært brukt) Dette er inkludert. Kan leveres strekningen Fredrikstad - Oslo Vis hele beskrivelsen NB: Knappen for å vise hele beskrivelsen har kun en visuell effekt.",1608 Fredrikstad,3.0,0,1,1983.0,43.0,58.0,8709.859,-31.11255025285641,good_deal,OK deal
439379332,https://www.finn.no/recommerce/forsale/item/439379332,2026-03-02T15:36:47.014Z,Giant Advanced Pro 0 Di2,50000.0,Pent brukt - I god stand,Giant,Unisex,Landevei,Giant,Propel Advanced Pro 0,2025,M/L,700c,Shimano Ultegra Di2,1,1,1,"Giant Propel Advanced Pro 0 landevei sykkel i størrelse M/L Utrolig rask og god sykkel perfekt til både ritt og trening. Godt utstyrt aero landeveissykkel. Utstyrt med Giant SLR1 50mm karbonhjul, oppgradert karbon styre (380mm) og stem (130mm) og Shimano Ultergra Di2 girsystem med hydrauliske skivebremser. . Den er òg utstyrt med Giant Power Pro wattkrank (172,5mm). Sykkelen er kjøpt ny i April 2025. Noen lakkskader, knyttet til steinsprut. Ellers i veldig god stand og aldri veltet med. Drivverk og i god stand da det nettopp er byttet kjede. Passer for folk mellom 177-187cm.",2618 Lillehammer,3.0,4,3,2025.0,1.0,54.0,45535.902,9.80346809106928,ok_deal,Good deal
447590922,https://www.finn.no/recommerce/forsale/item/447590922,2026-03-02T15:37:43.016Z,Orbea Orca Aero Str: 57 | Ultegra Di2,33000.0,Pent brukt - I god stand,Orbea,Herre,Landevei,Orbea,Orca Aero,,57,700c,Shimano Ultegra Di2,1,0,1,"Orbea Orca Aero - Landeveisykkel Str 57: 185-195cm ca. Jeg på 192cm sitter ypperlig, justeringsmuligheter både opp og ned Ting og ta med seg: - Ultegra 11 delt di2 - Ultegra skivebremser - To hjulsett. Både Unaas 55 LTD (clincher), men også DT Swiss E1800 Spline (clincher) - Sitter nå på et Specialized Power Expert 143 saddle, kan bytte til Prologo Dimension 143 saddle om ønskelig - Wahoo computerfeste medfølger - Flaskeholdere medfølger - Pedaler medfølger ikke Jevnlig vedlikeholdt. Normale bruksmerker, ikke vært i velt. Ønsker i utgangspunktet ikke å sende sykkelen. Den kan sees i Oslo, kan være behjelpelig til å frakte den i ""nærområdet"" ved seriøse henvendelser. Bare ta kontakt for en hyggelig prat eller spørsmål. Landevei Sykkel Landeveisykkel Landeveissykkel Orbea Orca Aero Skivebrems Vis hele beskrivelsen NB: Knappen for å vise hele beskrivelsen har kun en visuell effekt.",0558 Oslo,3.0,4,3,,5.0,57.0,31166.398,5.883264202557894,ok_deal,OK deal
436153965,https://www.finn.no/recommerce/forsale/item/436153965,2026-03-02T15:37:49.562Z,Orbea Orca M30 str 57 m/Sram AXS,50000.0,Som ny - Ikke synlig brukt,Orbea,Herre,Landevei,Orbea,Orca M30,2024,57,,SRAM Force AXS,1,1,1,"Orbea Orca M30 i str 57 som er betydelig oppgradert. SRAM Force AXS frem-og bakgir, bremser og girhendler. SRAM Red AXS wattkrank og krankarmer med Shimano Dura-Ace pedaler. Selle Italia sete Specialized S-Works Aerofly II Carbon styre Mavic karbonhjul Goodyear Eagle F1 32mm dekk, slangeløst. Fantastisk behagelig og ikke minst rask sykkel med krem-komponenter. Bare hjulsett og wattkrank kostet mer en sykkelen originalt. Kjedet vokset mellom hver tur. Sykkel var kjøpt ny av meg sommer 2024 og ble umiddelbart oppgradert. Ikke syklet mange turene grunnet long covid. Perfekt for meg som er 189 cm høy, Orbea sitt size chart sier 186-191 cm. Styrerøret er kappet 1 cm, så det er fortsatt langt. Sykkelen er registrert på Orbea.com med livstidsgaranti. Kjøpt hos norsk forhandler, kvittering foreligger på sykkel. Selges i utgangspunkt uten pedaler, Garmin-mounts (radar og computer) og flaskeholdere. Be om pris på dette. Vis hele beskrivelsen NB: Knappen for å vise hele beskrivelsen har kun en visuell effekt.",5164 Laksevåg,4.0,4,3,2024.0,2.0,57.0,45371.176,10.202125334082478,ok_deal,OK deal
369078388,https://www.finn.no/recommerce/forsale/item/369078388,2026-03-02T15:38:05.753Z,Boardman Elite Air 9.8 tempo-/triatlonsykkel. (STR M),26500.0,Pent brukt - I god stand,,,Landevei,Boardman,Elite Air 9.8,,M,,Shimano Ultegra Di2,0,0,1,"Rask, aerodynamisk temposykkel som er godt vedlikeholdt. Normale bruksmerker som er å forvente. 11-delt Ultegra di2 Dura-ace P9100 wattkrank, 53-39 80/60mm orginalhjul clincher med Schwalbe pro one 26mm dekk, brune sidevegger. TRP bremser Nytt kjede, kopper og kranklager, navservice bakhjul i 2024, sykkelen er ikke brukt i 2025. Selges med originale s-bend extensions i carbon, samt ski-bend 30 grader i aluminium. Selges uten flaskeholdere og pedaler. Kan ses og hentes i Andebu, Vestfold Søkeord: tempo, temposykkel, triatlon, triathlon",3158 Andebu,3.0,4,1,,5.0,54.0,24479.258,8.254916072121008,ok_deal,Good deal
356134362,https://www.finn.no/recommerce/forsale/item/356134362,2026-03-02T15:38:29.755Z,Scott Addict Rc15 22/23 L,40000.0,Pent brukt - I god stand,,,Landevei,Scott,Addict RC 15,2022,L,,,0,0,0,"Vinterkupp! Lite og pent brukt Scott Addict R15 i størrelse L. Den perfekte allround sykkel!! Flaskeholdere, Garmin feste og pedaler følger med",2319 Hamar,3.0,0,3,2022.0,4.0,56.0,13740.612,191.10784230739353,bad_deal,Good deal
432995374,https://www.finn.no/recommerce/forsale/item/432995374,2026-03-02T15:38:54.894Z,Specialized Tarmac Comp Sagan Edition str. 56 med Ultegra Di2,25000.0,Pent brukt - I god stand,Specialized,,Landevei,Specialized,Tarmac Comp Sagan Edition,,56,700c,Shimano Ultegra Di2,1,0,1,"Selger en Specialized Tarmac Comp Sagan Edition i størrelse 56. Sykkelen er oppgradert med elektronisk Ultegra Di2-gruppe, Deda Elementi Superzero aero styre og stem, samt Unaas AS-30 lette aluminiumshjul. Store drev, kjede og bakdekk ble byttet i sommer, og bakhjulet fikk service med nye lagre samtidig. Sykkelen er godt vedlikeholdt og fungerer som den skal. Noen kosmetiske merker som vist på bildene. En solid og rask landeveissykkel med karakteristisk Peter Sagan Edition - lakk som glitrer i solen. Original spesifikasjon og detaljer finnes her: https://www.specialized.com/us/en/tarmac-comp/p/118206?color=208629-118206 Kan sees og prøves på Lierskogen.",3420 Lierskogen,3.0,4,4,,5.0,56.0,34731.13,-28.018464163711204,good_deal,OK deal
446863424,https://www.finn.no/recommerce/forsale/item/446863424,2026-03-02T15:39:03.583Z,Canyon ultimate CF 7 2026 - OPPGRADERT,47500.0,Pent brukt - I god stand,Canyon,Unisex,Landevei,Canyon,Ultimate CF 7,2026,M,,Shimano Ultegra,1,0,0,"Tilsvarende sykkel ny i dag med komponentene som er skrevet nedenfor er på rundt 60 000,- så her får du mye for pengene. Kjøpt sent 2025. Treningssykkel, mest brukt på rullen med waxet kjede. Ultimate har en maks dekk bredde på 33mm så du kan fint bruke cx dekk om du ønsker å kjøre på grusen. (Som vist på bilde) 105 hendler Ultegra frem og bakgir Aero drops 110 stem 165 krank armer med ensidig Wattmåler fra 4iiii (innebygd sporing, for Apple brukere) Computerfeste for Garmin / wahoo Ultegra pedaler Kan selges med 165 kranksett armer uten Wattmåler. Pris: 42 000,- Størrelse M, passer for 178-188 Styret kan justeres opp og ned uten å måtte kappe gaffelen. Hendlene kan justeres smalere og bredere også. ——— Ceramicspeed klistremerket er kun festet på sykkelen da den kommer fra hovedsykkelen. Garmin feste bak, og flaske holdere følger ikke med. Sete blir byttet ut når sykkelen selges. Vis hele beskrivelsen NB: Knappen for å vise hele beskrivelsen har kun en visuell effekt.",5238 Rådal,3.0,4,3,2026.0,0.0,54.0,32824.285,44.70992977879254,bad_deal,Bad deal
268003206,https://www.finn.no/recommerce/forsale/item/268003206,2026-03-02T15:39:27.969Z,Landeveisykkel - Pinarello Dogma 65.1 think 2,30000.0,Pent brukt - I god stand,,Herre,Landevei,Pinarello,Dogma 65.1 Think 2,,52,,,0,0,1,Lite og pent brukt. Elektrisk giring. Remmestørrelse er 52 Den har vært lagret inne i isolerte rom hele tiden da den ikke er blitt brukt.,2344 Ilseng,3.0,0,4,,5.0,52.0,25377.31,18.215836719916897,ok_deal,Bad deal
436730461,https://www.finn.no/recommerce/forsale/item/436730461,2026-03-02T15:40:46.584Z,SCULTURA ENDURANCE 4000 M,24000.0,Pent brukt - I god stand,Merida,Herre,Landevei,Merida,Scultura Endurance 4000,,M / 51cm,,,0,0,0,"Str. Medium / 51 cm. Kun trillet 540 km i pent vær. Flaskerholdre følger med. Sykkelen er lagret innendørs hele året. Den fremstår som pen og lite brukt. Ingen feil eller mangler. Selges fordi den ikke ble brukt. Pedaler kan kjøpes separat, Shimano SPD-SL PD-R8000. Kr. 1000,-",7023 Trondheim,3.0,0,2,,5.0,54.0,8056.995,197.8778024676005,bad_deal,OK deal
445514029,https://www.finn.no/recommerce/forsale/item/445514029,2026-03-02T15:40:51.523Z,Cannondale Supersix Evo 3 (2024) - størrelse 56,39000.0,Pent brukt - I god stand,Cannondale,Unisex,Landevei,Cannondale,Supersix Evo 3,2024,56,700c,Shimano 105 Di2,1,1,1,"2024 modell med gjenget krankhus for enklere vedlikehold, mer sømløs integrering av kabler gjennom styre og stem, og litt mer komfort enn tidligere utgaver. Det er å plass til 34mm brede dekk. Sikkert 35mm hvis man vil.. Integrert løsning for computer og frontlys eller gopro. - Shimano 105 di2 elektrisk gir med siste oppdateringer - Zipp 303s karbon hjulsett - Størrelse 56 Pent brukt siden sommeren 2024 da den ble kjøpt ny, og jevnlig vedlikeholdt. Helt nytt og ubrukt kjede er montert. Sykkelen har rullet omtrent 2600km. Kvittering og all garantidokumentasjon følger med. Selges uten pedaler, med slanger i dekkene. Kan selges med standard aluminiumshjul til lavere pris. Landevei landeveissykkel racer racersykkel karbonhjul",0755 Oslo,3.0,3,3,2024.0,2.0,56.0,38480.426,1.350229910925695,ok_deal,Good deal
425774764,https://www.finn.no/recommerce/forsale/item/425774764,2026-03-02T15:42:13.557Z,Bianchi Impulso,8000.0,Som ny - Ikke synlig brukt,Bianchi,Herre,Landevei,Bianchi,Impulso,,,,,0,0,0,"Lagret innendørs vasket etter hver gangs bruk, meget pen. Herre 180-190cm",3228 Sandefjord,4.0,0,3,,5.0,54.0,9564.721,-16.35929319518731,ok_deal,Good deal
444294717,https://www.finn.no/recommerce/forsale/item/444294717,2026-03-02T15:42:36.908Z,"Specialized Tarmac SL6 Sport (2019) – Str. 52 – Strøken, kun 700 km",21500.0,Pent brukt - I god stand,Specialized,Unisex,Landevei,Specialized,Tarmac SL6 Sport Disc,2019,52,700c,Shimano 105 R7000,1,0,0,"Selger en Specialized Tarmac SL6 Sport Disc 2019 i størrelse 52, farge Gloss Black/Blue. Sykkelen er i svært god stand, nesten som ny, og kun brukt ca. 700 km. Alltid oppbevart innendørs og jevnlig vedlikeholdt. Dette er en lett, responsiv og komfortabel karbonracer som passer perfekt for både mosjonister og ambisiøse syklister. Størrelse 52 passer vanligvis ryttere ca. 163–172 cm (avhengig av preferanse og posisjon). Ramme: Specialized Tarmac SL6 FACT 9r karbon Størrelse: 52 (UCI‑godkjent ramme) Gruppe: Shimano 105 R7000 (komplett gruppe) Bremser: Shimano 105 hydrauliske skivebremser Hjulsett: DT Swiss R470 DB Gaffel: FACT karbon, thru‑axle Dekk: 700x26 Setepinne: S-Works FACT karbon",4022 Stavanger,3.0,3,4,2019.0,7.0,52.0,17806.797,20.74041250049358,bad_deal,Bad deal
223403173,https://www.finn.no/recommerce/forsale/item/223403173,2026-03-02T15:42:53.383Z,Scott landeveisykkel str M,13500.0,Pent brukt - I god stand,Scott,,Landevei,Scott,,2007,M,,Shimano Ultegra,0,0,0,"Scott landeveissykkel som er oppgradert fra 105 til ultegra. Hjulene er byttet til Easten hjul ( gode og stive hjul). Karbon gaffel og resten av sykkelen er i aluminium. Pedaler følger ikke med ( kan følge med med et tillegg på kr 500) Flaskeholder følger ikke med. Selve rammen er fra 2007, men alle byttene er gjort i fjor og er lite brukt siden den tid (brems, gir og krank er oppgradert fra 105 til ultegra).",0862 Oslo,3.0,4,3,2007.0,19.0,54.0,10994.765,22.785711487862788,bad_deal,Bad deal
444053307,https://www.finn.no/recommerce/forsale/item/444053307,2026-03-02T15:43:01.569Z,Bianchi Superleggera HC 55cm Full Carbon,15000.0,Pent brukt - I god stand,Bianchi,Unisex,Landevei,Bianchi,Superleggera HC,,55cm,,,1,0,0,"Selger en pen og velholdt Bianchi landeveissykkel i klassisk hvit/rød/svart design. Sykkelen fremstår som hel og pen, uten synlige skader på ramme. Har vært lagret tørt innendørs. Passer godt for deg som ønsker en lett og responsiv landeveissykkel fra et anerkjent italiensk merke. Se bilder for mere info om komponenter og tilstand. Jeg har ikke så mye informasjon om denne da det har vært min far som har eid den tidligere. Han var sirka 180 cm lang, rammen er merket med «55cm from top to bottom» Har du noen spørsmål så er det bare å sende en melding så skal jeg prøve å svare etter beste evne 🙂.",3050 Mjøndalen,3.0,0,3,,5.0,55.0,13682.419,9.629737694436654,ok_deal,OK deal
435545379,https://www.finn.no/recommerce/forsale/item/435545379,2026-03-04T19:35:20.223Z,Head landeveissykkel + Sykkelrulle,5000.0,Pent brukt - I god stand,,,Landevei,Head,,,56cm,,,0,0,0,"Lufter min landeveissykkel for salg da jeg ikke bruker den. • Rammestørrelse 56cm. Skal passe fra 170-200cm. • Den er drevet 10/28 bak og 39/50 foran • Styre stammen kan kuttes ned for å tilpasses din egen høyde. Det står på sykkelrulle dekk bak da det er det siste den ble brukt til. Følger med nytt dekk og slange til utendørsbruk. Sykkelrulle som avbildet følger også med, og fungerer veldig bra til innendørsbruk på vinteren eller når været ikke tillater utendørsbruk. Ta kontakt ved spørsmål. Pris kan diskuteres ved rask handel.",4580 Lyngdal,3.0,0,1,,5.0,56.0,10135.189,-50.66693106108301,good_deal,OK deal
